run_id,arm,run_idx,cv_headway,ewt_min,frr,boycott_rate_pct,revenue_variance
Arm_A_0,Arm_A,0,0.3835673648277616,4.8937522066769,0.741929782885846,16.22234455485178,3125368331.6380944
Arm_A_1,Arm_A,1,0.3982410992199207,4.896508763804123,0.7805847954636091,14.773666535743077,2975044732.591288
Arm_A_2,Arm_A,2,0.3695745484867139,4.739238377641876,0.7569182160414591,16.40257247839589,3103433464.6557555
Arm_A_3,Arm_A,3,0.3930489393778935,4.963881457357028,0.7746042146196899,13.911741771410101,3293042042.621835
Arm_A_4,Arm_A,4,0.3947393645902197,4.782488347907984,0.7684736488629776,15.00561415470518,3032443666.3236585
Arm_A_5,Arm_A,5,0.38680274393458924,4.711149615927596,0.7656834748983651,14.513271700973693,2961956634.6598945
Arm_A_6,Arm_A,6,0.3977128281860584,4.753768903811694,0.7524024082525836,14.265376670869097,3346000625.4247293
Arm_A_7,Arm_A,7,0.37980008931984016,4.926107368038801,0.7547028002175079,14.295064957783897,3098211427.747113
Arm_A_8,Arm_A,8,0.38810760379625286,4.948139857467,0.7568641781982343,14.206445958433397,3086201623.17919
Arm_A_9,Arm_A,9,0.39504570645816484,4.798378544704565,0.7676628910442906,14.965080668127044,2969613378.7847285
Arm_A_10,Arm_A,10,0.38609805873076286,4.880692179129228,0.7555682524388061,15.046190417115676,3276284144.4791956
Arm_A_11,Arm_A,11,0.3958680211762916,4.742396145719993,0.7589616282218918,15.520149001042762,3115661744.8054953
Arm_A_12,Arm_A,12,0.38310480914751127,4.802614034104811,0.7602143257341519,15.560031364672003,3082534507.8109584
Arm_A_13,Arm_A,13,0.3838516983575055,4.761305160334321,0.7531397147930656,15.179277066172844,2770123398.6615677
Arm_A_14,Arm_A,14,0.3900770632913551,4.824279258929553,0.7602862382297355,15.45621687285969,3155708204.469994
Arm_A_15,Arm_A,15,0.3884483242419156,4.64442029905909,0.7699940650430798,14.3878405845753,2920575863.3258657
Arm_A_16,Arm_A,16,0.38617085706153664,4.6844751198139845,0.7533514922074837,14.110431304162935,3191465813.5815763
Arm_A_17,Arm_A,17,0.39443859087406075,4.737668137343633,0.7663456895876558,15.237415358058511,2928581831.425854
Arm_A_18,Arm_A,18,0.39581076164560397,4.865840096128719,0.7652230781467664,15.246085336946255,3153457743.210826
Arm_A_19,Arm_A,19,0.397973463032046,4.723510514708198,0.7551076604252585,15.571856116205222,3048295208.509192
Arm_A_20,Arm_A,20,0.3890317271310347,4.815381115106094,0.7514047582004081,14.779904241615045,2951966701.019559
Arm_A_21,Arm_A,21,0.3896622595226352,4.73701536153095,0.7655988785076303,14.496720914181056,2812929168.8656707
Arm_A_22,Arm_A,22,0.3905267669813918,4.962524353239863,0.7742917365619766,15.155826277613656,3006783021.4660153
Arm_A_23,Arm_A,23,0.3841870203624852,4.862239573149011,0.7627208723412044,16.021203249378477,3141144687.2862697
Arm_A_24,Arm_A,24,0.3940514944584518,4.837472649198502,0.7601325077243809,15.123902993063984,3034169868.631371
Arm_A_25,Arm_A,25,0.40142062789065386,4.738244905685558,0.7742820046502172,14.131435801776234,2991471654.8706183
Arm_A_26,Arm_A,26,0.3689541045110024,4.830768285440749,0.760802608488843,15.292115680719437,3504367889.137043
Arm_A_27,Arm_A,27,0.40001236927101574,4.818926832942796,0.7588733498192598,15.769611085891242,2988325198.1713033
Arm_A_28,Arm_A,28,0.38207651781868635,4.881067533143858,0.7627868116885645,14.480814897974971,3105701066.8975673
Arm_A_29,Arm_A,29,0.3850953391183484,4.757541932422782,0.7550184420760646,16.21015749479178,2938522775.72053
Arm_A_30,Arm_A,30,0.4058939836674128,4.8951026004840985,0.7733132918840561,15.16465285311112,3097861927.0637712
Arm_A_31,Arm_A,31,0.38855254633139696,4.821189815408273,0.7647499373747835,15.289137583288772,3067841538.368274
Arm_A_32,Arm_A,32,0.3882613810688538,4.763936019409369,0.7458071858648893,15.084960321072165,3391645585.880336
Arm_A_33,Arm_A,33,0.3962914475031213,4.810593720412427,0.7587255034548969,14.14171078697875,3036177057.5496864
Arm_A_34,Arm_A,34,0.3766089689974018,4.758427618621319,0.7590663563001272,16.07381073623309,3323841857.641525
Arm_A_35,Arm_A,35,0.40432285482897345,4.7794271968682605,0.7556873310539337,15.418558873812438,3125361718.002496
Arm_A_36,Arm_A,36,0.3932910875488644,4.912465854014719,0.7645849837639931,15.701267878079355,3159733052.3104253
Arm_A_37,Arm_A,37,0.3816802601805792,4.725418176027282,0.7508058985686029,15.62305918981329,2942305609.0214677
Arm_A_38,Arm_A,38,0.3848220612645635,4.8762484372926025,0.768236784967245,14.317307750186952,2900452574.4332056
Arm_A_39,Arm_A,39,0.3928568905597172,4.817977566037454,0.7571344168145918,15.618770549411732,3045075291.9052935
Arm_A_40,Arm_A,40,0.37501102222615224,4.839752338917533,0.7667654512614982,15.364651438166533,3086597702.859733
Arm_A_41,Arm_A,41,0.3869354709969551,4.7181285140396225,0.7538526058827435,14.656322204157627,3439253462.24817
Arm_A_42,Arm_A,42,0.37829128694603653,4.96657200946906,0.7625582390357314,15.207784050148149,3005936877.8119893
Arm_A_43,Arm_A,43,0.3837217578971491,4.808544092883586,0.7610530678945445,14.589889712564792,3201414009.067991
Arm_A_44,Arm_A,44,0.3884194744032831,4.81581408177154,0.7489782269333364,14.94119604242213,3187266706.375034
Arm_A_45,Arm_A,45,0.3935661439949564,4.817185816191624,0.757984598375373,15.538888352543308,2988668738.466661
Arm_A_46,Arm_A,46,0.39880590290376544,4.744034077117978,0.7724922773510684,15.603262854571676,3211372738.511336
Arm_A_47,Arm_A,47,0.3917442072887525,4.936016886217983,0.7640521392665179,16.137396993524714,3147421224.497822
Arm_A_48,Arm_A,48,0.3930917916602622,4.775199536844915,0.7507555080770831,16.375581004235933,3009618547.1532283
Arm_A_49,Arm_A,49,0.3797992095127885,4.762537024062098,0.7452196814322731,15.511858794770498,3150939633.09105
Arm_A_50,Arm_A,50,0.38994386684612536,4.844628077427374,0.7604440296015388,14.244786357076409,3261372768.3300824
Arm_A_51,Arm_A,51,0.3974816456486051,4.758284013414569,0.7618323494486071,15.278376258556591,3068799294.2632327
Arm_A_52,Arm_A,52,0.39737853651713856,4.775446179037652,0.7550923628620113,15.375606358594537,3064448276.4679403
Arm_A_53,Arm_A,53,0.39378721250442217,4.815671166727003,0.7667208577441471,15.992002157367365,3038662859.9073625
Arm_A_54,Arm_A,54,0.4087016516962373,4.618931586062458,0.7530052837849998,15.457943132769728,3187271680.918007
Arm_A_55,Arm_A,55,0.39090735958445866,4.644710088076886,0.7546267444809744,15.429837383670362,2730832056.193029
Arm_A_56,Arm_A,56,0.39306529216183,4.77120968436042,0.7629925315048123,14.023579706346522,2684852745.121653
Arm_A_57,Arm_A,57,0.3962910391749485,4.65366334780776,0.7705875459601591,15.243571701225772,2956096650.540151
Arm_A_58,Arm_A,58,0.3840021202246521,4.917755402794671,0.7741199382851635,16.0791558173208,3114850115.7812667
Arm_A_59,Arm_A,59,0.3993836144089105,4.814784573131415,0.761657400991191,14.516163391431716,3034994814.0349455
Arm_A_60,Arm_A,60,0.3926240228280337,4.932023711312999,0.7546012715203909,13.373620069837909,2987766652.6481237
Arm_A_61,Arm_A,61,0.3910296044598672,4.730045222604618,0.7533404949372081,14.280280419281691,2930312058.9342575
Arm_A_62,Arm_A,62,0.3838484985261403,4.921158421665401,0.7516277517207379,15.911090214435706,2829768860.8932424
Arm_A_63,Arm_A,63,0.40593897731042816,4.79249588596898,0.7458129469242312,14.752973051682366,3223184469.1580496
Arm_A_64,Arm_A,64,0.39115774666795133,4.987308423482304,0.7490503031963611,13.247477945280096,3109984320.8574934
Arm_A_65,Arm_A,65,0.37711807489245325,4.7630191649495455,0.7645748641452225,15.957147521133018,3075325155.256678
Arm_A_66,Arm_A,66,0.39849856373908754,4.6859071110532815,0.7579628430925833,14.952291903270924,3222626316.2315726
Arm_A_67,Arm_A,67,0.3891910949977901,4.808788459215309,0.7671199445789337,14.810959851322407,2743728278.5102763
Arm_A_68,Arm_A,68,0.3887379678185252,4.817739168609789,0.7782729101873285,14.453813555319162,2944735259.2242656
Arm_A_69,Arm_A,69,0.38902216270784873,4.742271216475587,0.7451915812003244,15.224895713673176,2921020503.972145
Arm_A_70,Arm_A,70,0.39468107135611585,4.7508810323621065,0.766041584278594,15.17017229865631,3378948052.608616
Arm_A_71,Arm_A,71,0.39454282263589285,4.7894867326456945,0.7663858220501224,15.025725267523715,2969956216.2826085
Arm_A_72,Arm_A,72,0.3856088860894401,4.691231669018847,0.775179335053683,15.121116752714956,3120347911.390042
Arm_A_73,Arm_A,73,0.3975956301486942,4.690865771790555,0.7714548852340457,14.48439543442119,3075844099.949855
Arm_A_74,Arm_A,74,0.39644066731032207,4.8010205808632405,0.7543499863232673,15.006274924215786,2814038555.36729
Arm_A_75,Arm_A,75,0.40777605064142275,4.7634118723441485,0.754327888030707,14.510138209122543,2970913746.3476167
Arm_A_76,Arm_A,76,0.39290402014471576,4.831635712045466,0.7650637372121963,13.991675502737674,3239851746.2938952
Arm_A_77,Arm_A,77,0.3919413363172604,4.8584787199835295,0.7698077144755798,15.682573358802552,3120255330.143288
Arm_A_78,Arm_A,78,0.3952639162310992,4.975812846836139,0.7622308104449244,13.637288119830666,3101206600.406794
Arm_A_79,Arm_A,79,0.3844216849851198,4.559217185629539,0.774906182279745,15.675491506739913,3091576974.3660655
Arm_A_80,Arm_A,80,0.39775232442174163,4.7403616733339335,0.7505892919501068,15.621998060659498,3084588489.8041215
Arm_A_81,Arm_A,81,0.38818836691527386,4.7366218767374315,0.758770729027391,15.353305670887428,2997904560.432092
Arm_A_82,Arm_A,82,0.39584318422966336,4.8159588912554545,0.760718667824465,15.24913537953522,3031468880.079034
Arm_A_83,Arm_A,83,0.3867745200118137,4.891275861669776,0.7591410969284352,14.714203203033088,3118056793.6045427
Arm_A_84,Arm_A,84,0.3782527273358452,4.7982071228397345,0.7640465203914821,15.677323694512667,2988252197.62432
Arm_A_85,Arm_A,85,0.38455988636459326,4.7224092927554215,0.755179168743873,15.960533466019381,3283519032.56455
Arm_A_86,Arm_A,86,0.39479368151055766,4.948438091625296,0.747705186196215,14.718391873559487,3157729296.2174597
Arm_A_87,Arm_A,87,0.3813873715370729,4.891952288860895,0.7679947992060278,15.452498365525463,3082140048.009083
Arm_A_88,Arm_A,88,0.4013439555823828,4.64625435777567,0.7609964852457237,14.945977833749792,3031626902.579862
Arm_A_89,Arm_A,89,0.39505910388783405,4.765548276872761,0.7552523709010259,15.270839662053595,3072256926.8732295
Arm_A_90,Arm_A,90,0.38267714529984426,4.879377485091345,0.7560089220069869,15.642184927879146,3211556659.5712857
Arm_A_91,Arm_A,91,0.3879224758140852,4.679058785601053,0.7503491845553516,15.497526501307961,3087496356.588487
Arm_A_92,Arm_A,92,0.3940786027556213,4.9382924574856215,0.7667521054681917,15.147604814604545,3188216513.033757
Arm_A_93,Arm_A,93,0.3849710711801509,4.778422967081414,0.7453248126036645,14.952411685161556,3146169280.7786174
Arm_A_94,Arm_A,94,0.39115769237772924,4.711998128515808,0.7681458425077704,14.818089550768766,3001375357.5264077
Arm_A_95,Arm_A,95,0.38356206001889553,4.732318734864125,0.7534256465259384,15.624415515790563,3073094272.3264875
Arm_A_96,Arm_A,96,0.38901283618636423,4.829365293594386,0.7601498238395906,14.801784622343392,3141321852.520976
Arm_A_97,Arm_A,97,0.405437817430391,4.848461324887895,0.7595479290817562,14.632291286092755,2841156512.420049
Arm_A_98,Arm_A,98,0.38812979424024674,4.815244035970105,0.7620120934733473,15.232292946785535,2956807740.954217
Arm_A_99,Arm_A,99,0.38186912821116376,4.79191449239722,0.7648722966278027,15.028187061639258,2888113226.765915
Arm_A_100,Arm_A,100,0.39446290658967414,4.955230468612347,0.7419731257590024,14.800987226718076,2753502215.5066123
Arm_A_101,Arm_A,101,0.40027014058470617,4.794783142699282,0.745379503515638,15.08506611563186,2957441029.6586595
Arm_A_102,Arm_A,102,0.391825183874495,4.677781604744408,0.7547968048356014,15.585295195869916,3121472719.4818525
Arm_A_103,Arm_A,103,0.37880589858922314,4.732348057660454,0.7619404036586416,16.108055759232172,3293532905.837169
Arm_A_104,Arm_A,104,0.3946128036908708,4.79327497430643,0.7652226917527659,14.138462644000898,3080057476.7676687
Arm_A_105,Arm_A,105,0.3795407705337384,4.684249506594265,0.7596094331826057,14.795335708557571,3089790504.763794
Arm_A_106,Arm_A,106,0.3837623975801023,4.897838726478997,0.7551329790771341,15.333480676890245,3059428117.323125
Arm_A_107,Arm_A,107,0.40571355800417547,4.709433466354876,0.7590421429918307,15.37478405671442,2894395199.597991
Arm_A_108,Arm_A,108,0.3730936964754526,4.814244247263175,0.7695397441022,15.396097021474853,3172944519.639753
Arm_A_109,Arm_A,109,0.40110091035165335,4.700281349827291,0.7530309426283901,15.84635138229773,3056958666.4965773
Arm_A_110,Arm_A,110,0.3953040225249165,4.69122777705545,0.7592557725981303,14.698453204651127,3030590587.527104
Arm_A_111,Arm_A,111,0.38653377754829066,4.959618676485528,0.7595071772177612,15.18300504257886,3199765553.217138
Arm_A_112,Arm_A,112,0.3820331659712864,4.7079035242710745,0.7595296709090499,14.866598713212383,3240451364.1824145
Arm_A_113,Arm_A,113,0.3939079174108934,4.803365223828643,0.7613848605914525,15.521650863424501,3085110565.7742887
Arm_A_114,Arm_A,114,0.3963944211783758,4.706333430032961,0.7667485475142516,15.406601800179386,3005195857.1100745
Arm_A_115,Arm_A,115,0.3850357612931235,4.805692430630861,0.7484217301495574,14.631922395183171,3094860107.886689
Arm_A_116,Arm_A,116,0.3977304829562927,4.731249293947539,0.7622088963921414,15.233877626703464,2915689758.4607553
Arm_A_117,Arm_A,117,0.37880879768228054,4.7598032842397515,0.7673417449880789,15.428130524480707,3178784780.6073236
Arm_A_118,Arm_A,118,0.39475548699437907,4.826939109261278,0.7781403061178432,15.318349648909045,3208126043.034391
Arm_A_119,Arm_A,119,0.37528210966603287,4.819846419237581,0.7589384559045157,15.487885501605618,2906111664.193664
Arm_A_120,Arm_A,120,0.38989132657813574,4.9224239788579425,0.7630669339106896,14.366265357454338,3105127259.818901
Arm_A_121,Arm_A,121,0.3975508106550604,4.711604424991387,0.7605946442013918,14.795379976447675,3075838964.056625
Arm_A_122,Arm_A,122,0.3958457705658816,4.89108292795366,0.7548325989848375,15.578443347273138,2494161643.736731
Arm_A_123,Arm_A,123,0.3885076090451416,4.8348042539064915,0.7602827157414234,14.438125567890756,2990891791.178794
Arm_A_124,Arm_A,124,0.39347958152873586,4.701703825316562,0.7519847889509306,14.81731841738961,2991069860.6975374
Arm_B_0,Arm_B,0,0.3026409440611147,3.8365703226168972,0.6602689343267697,0.0,2549076.550967364
Arm_B_1,Arm_B,1,0.2995840671387865,3.83123241651798,0.6714176004368811,0.0,2546963.507295169
Arm_B_2,Arm_B,2,0.294272745437467,3.761421951200802,0.6508929849372418,0.0,2379838.415536706
Arm_B_3,Arm_B,3,0.30682756893547664,3.962669934844436,0.6588830081536472,0.0,2419882.7865520054
Arm_B_4,Arm_B,4,0.29775480043150193,3.786103383786579,0.6642824176814474,0.0,2573827.3309997297
Arm_B_5,Arm_B,5,0.2954777788075789,3.8581599877487,0.6569962933719644,0.0,2686128.198162682
Arm_B_6,Arm_B,6,0.3003239439135691,3.8011363806554015,0.6757986717980283,0.0,2275757.422685879
Arm_B_7,Arm_B,7,0.301298840466325,3.7759500202914906,0.6562746398426121,0.0,2173813.053250726
Arm_B_8,Arm_B,8,0.2938669121179931,3.834026136748945,0.6624966145444334,0.0,2317586.7704708716
Arm_B_9,Arm_B,9,0.3022160247170577,3.767390990923175,0.6641696870073235,0.0,2385364.8244724604
Arm_B_10,Arm_B,10,0.3031391300761171,3.8773958699057345,0.6537156208445036,0.0,2051732.533587768
Arm_B_11,Arm_B,11,0.3020274287820867,3.793212370330987,0.6633987860218848,0.0,2329936.7328599016
Arm_B_12,Arm_B,12,0.3000821907856592,3.7594288808831244,0.6583105881065616,0.0,2471159.567284931
Arm_B_13,Arm_B,13,0.29955743780403793,3.773891901695513,0.659349920990194,0.0,2520331.5859166086
Arm_B_14,Arm_B,14,0.30620437388267885,3.8356309841989096,0.6556350422721768,0.0,2482665.750098552
Arm_B_15,Arm_B,15,0.29309614747239027,3.8546955229091786,0.6518245888987863,0.0,2774819.7812410216
Arm_B_16,Arm_B,16,0.2966004082478984,3.7199883397315263,0.659881159712449,0.0,2396401.006457423
Arm_B_17,Arm_B,17,0.3062834284116281,3.863480762804794,0.658132849763135,0.0,2506754.668496071
Arm_B_18,Arm_B,18,0.30628344273155406,3.853364147290201,0.6626454538290931,0.0,2257226.85820497
Arm_B_19,Arm_B,19,0.3084862638738134,3.7686222396702784,0.6758977997794695,0.0,2201979.415545166
Arm_B_20,Arm_B,20,0.30187068575426895,3.788771916731243,0.6590085379899925,0.0,2077633.9303991946
Arm_B_21,Arm_B,21,0.29019717051706084,3.8668250241376927,0.6601984360411542,0.0,2292633.548364542
Arm_B_22,Arm_B,22,0.2978183499032229,3.7499088914632743,0.656070226581007,0.0,2003571.3187779766
Arm_B_23,Arm_B,23,0.3047909842596089,3.7434573632096746,0.6641470339802227,0.0,2051503.8332559727
Arm_B_24,Arm_B,24,0.30021568030858753,3.7858165195956155,0.6621203171232232,0.0,2527214.403571346
Arm_B_25,Arm_B,25,0.30167425968385814,3.739441671916404,0.6482538699845021,0.0,2034134.2594698966
Arm_B_26,Arm_B,26,0.30259069186677473,3.7485849167227663,0.6597836337005603,0.0,2795356.7154297912
Arm_B_27,Arm_B,27,0.29878225304097555,3.7349760142664885,0.666272780288211,0.0,1908385.4565297032
Arm_B_28,Arm_B,28,0.30207036347729804,3.8627659331040323,0.6656477716221353,0.0,2508950.866005044
Arm_B_29,Arm_B,29,0.29641419098770305,3.7310620192522164,0.6617213316022005,0.0,2175036.854522503
Arm_B_30,Arm_B,30,0.29117381459000063,3.6982995041609206,0.6811452733958562,0.0,2664780.6561868866
Arm_B_31,Arm_B,31,0.2967918825388226,3.7930791605472756,0.6667665106991233,0.0,2781191.501916427
Arm_B_32,Arm_B,32,0.29911515309335396,3.781597016188957,0.6670797828030679,0.0,2472785.644552152
Arm_B_33,Arm_B,33,0.2990297627034505,3.8378693510547364,0.6629108351206658,0.0,2324695.0681812973
Arm_B_34,Arm_B,34,0.3038208251027192,3.680292054645061,0.6607186658234981,0.0,2517400.3161855093
Arm_B_35,Arm_B,35,0.3038899617994737,3.849330803185179,0.6526944374187812,0.0,1951399.8356023289
Arm_B_36,Arm_B,36,0.310347968830829,3.8205249204057194,0.6706161975765952,0.0,1967006.717733247
Arm_B_37,Arm_B,37,0.29925177324284835,3.8076583080525164,0.6612434628608085,0.0,2660275.0937556922
Arm_B_38,Arm_B,38,0.2997027726122683,3.881487894344268,0.6682607294546256,0.0,2532167.103993377
Arm_B_39,Arm_B,39,0.30721947870040267,3.9247812369952975,0.6593243350242451,0.0,2080658.5218020845
Arm_B_40,Arm_B,40,0.31109147594014397,3.8352790008927165,0.671197942751605,0.0,2163267.307965468
Arm_B_41,Arm_B,41,0.29146607334889796,3.9224176070296757,0.6780262123516813,0.0,2753473.3868662966
Arm_B_42,Arm_B,42,0.2991507329430399,3.7394229199667914,0.6536309434834984,0.0,2726496.783976616
Arm_B_43,Arm_B,43,0.29970904137048754,3.8227707603218293,0.6567779322183777,0.0,2618969.040427454
Arm_B_44,Arm_B,44,0.3097310733528383,3.7809012292475255,0.6529175442729768,0.0,2553699.0010010647
Arm_B_45,Arm_B,45,0.30131200299656724,3.767453237805379,0.6652341029309224,0.0,2489558.9971771687
Arm_B_46,Arm_B,46,0.3012525358964266,3.825141744887936,0.663068975980883,0.0,2232305.0215103435
Arm_B_47,Arm_B,47,0.29653937044373857,3.7656658758652974,0.657592889229078,0.0,2274375.5669403328
Arm_B_48,Arm_B,48,0.3045984853721225,3.876743322491802,0.6462616820878987,0.0,2365893.6949805776
Arm_B_49,Arm_B,49,0.29877523964021485,3.9053463795021606,0.6486734039342086,0.0,2306542.5545952753
Arm_B_50,Arm_B,50,0.29565694635492906,3.87022339431289,0.6497967603912782,0.0,2635507.4406316155
Arm_B_51,Arm_B,51,0.29043520532097516,3.748825102183575,0.6685652791880647,0.0,2129728.562331303
Arm_B_52,Arm_B,52,0.2969530975527714,3.9346073362548992,0.6752855841650355,0.0,2199921.9708592393
Arm_B_53,Arm_B,53,0.30697339770817356,3.7484950229050407,0.6709280875590213,0.0,2013028.087364195
Arm_B_54,Arm_B,54,0.29261478238262567,3.8333798868414912,0.6561425602551959,0.0,2351892.6235489105
Arm_B_55,Arm_B,55,0.3042042363553339,3.788437679138346,0.6601019935250841,0.0,2069846.5666774232
Arm_B_56,Arm_B,56,0.30502458550290557,3.747398836606589,0.6616904615855973,0.0,2443353.7435717667
Arm_B_57,Arm_B,57,0.3041582895222253,3.78754402771598,0.6716698756637394,0.0,2554669.652349586
Arm_B_58,Arm_B,58,0.3006738654535823,3.862356202080771,0.669101184141164,0.0,1918412.38138046
Arm_B_59,Arm_B,59,0.30264121093068097,3.8223742989422003,0.6667837584743037,0.0,2447977.424591042
Arm_B_60,Arm_B,60,0.29339429641183,3.8192936407592524,0.6756722681038089,0.0,2573607.177170679
Arm_B_61,Arm_B,61,0.30404180027203126,3.7133975540891746,0.6671428120626054,0.0,2135501.785805897
Arm_B_62,Arm_B,62,0.3104738097942824,3.805707117011628,0.6689536849257205,0.0,2241916.4008776112
Arm_B_63,Arm_B,63,0.30287786038985537,3.7711446298361015,0.6567752768726365,0.0,2261301.808642558
Arm_B_64,Arm_B,64,0.2926917903615802,3.797277433871106,0.665930927352343,0.0,2036797.8134574147
Arm_B_65,Arm_B,65,0.29449055629943804,3.6977074927585414,0.6726793037964363,0.0,1983371.3994749107
Arm_B_66,Arm_B,66,0.29920483233894923,3.8362298108398742,0.6453844441862863,0.0,2496334.8339364463
Arm_B_67,Arm_B,67,0.29534437189448237,3.7835863832977266,0.6636499235639791,0.0,2370178.3271128335
Arm_B_68,Arm_B,68,0.29830000642241783,3.8045268266827583,0.6608790498837135,0.0,2720230.539729315
Arm_B_69,Arm_B,69,0.3030222677364824,3.8219473262329275,0.6531658294503703,0.0,2157498.9442673796
Arm_B_70,Arm_B,70,0.2929057383341351,3.755642943972963,0.6591330385944063,0.0,2249592.28893678
Arm_B_71,Arm_B,71,0.2978095019106607,3.7058230215148735,0.6714515839191958,0.0,2077273.0683867547
Arm_B_72,Arm_B,72,0.3108058319815763,3.8609049105259943,0.6643986992467827,0.0,2079912.6255176465
Arm_B_73,Arm_B,73,0.29486664806403745,3.858257033087707,0.6613508277913462,0.0,2426337.5259171934
Arm_B_74,Arm_B,74,0.30088658091737186,3.796686410198211,0.6628800566273741,0.0,2514822.9601118304
Arm_B_75,Arm_B,75,0.295523201937022,3.7591427807367563,0.6736258180895994,0.0,1942981.2402569505
Arm_B_76,Arm_B,76,0.2961263321380617,3.6860681195765563,0.6626505508565524,0.0,2019396.53984754
Arm_B_77,Arm_B,77,0.3020540853282448,3.7766761826979076,0.6614429284483042,0.0,2028547.42758243
Arm_B_78,Arm_B,78,0.302954096161885,3.7701129755518044,0.6654112009545019,0.0,2316920.0138883693
Arm_B_79,Arm_B,79,0.3072693388986508,3.850287297145971,0.6684085579596267,0.0,2057185.787328491
Arm_B_80,Arm_B,80,0.3030861754396315,3.7385156275734905,0.6657815098102012,0.0,2115102.0175171983
Arm_B_81,Arm_B,81,0.297297918805323,3.699608524468565,0.6614630670013971,0.0,2364615.4519256195
Arm_B_82,Arm_B,82,0.2925339284483283,3.7255557061394837,0.660475959990867,0.0,2119806.0457784063
Arm_B_83,Arm_B,83,0.3002793469445107,3.936407960241538,0.6622759439204193,0.0,2111715.3566060914
Arm_B_84,Arm_B,84,0.29585298004988736,3.768447577015265,0.6640572917200009,0.0,2047878.1388785762
Arm_B_85,Arm_B,85,0.30553663538082537,3.773138344787374,0.6628845455722134,0.0,2116608.8112848396
Arm_B_86,Arm_B,86,0.292391217855362,3.8535897433061566,0.6616905647217876,0.0,2639562.8867872125
Arm_B_87,Arm_B,87,0.2962109202890459,3.816495523684949,0.6683077334330695,0.0,2570657.925754654
Arm_B_88,Arm_B,88,0.309713302014897,3.8367547007259737,0.6555858131484691,0.0,2341314.4843582963
Arm_B_89,Arm_B,89,0.2930545624667535,3.849863226244974,0.657777539376134,0.0,2601342.377690673
Arm_B_90,Arm_B,90,0.2971665705350853,3.7425990221275454,0.6689991357790237,0.0,2540956.26055633
Arm_B_91,Arm_B,91,0.2956867956368664,3.7687952662684836,0.6521593878422103,0.0,2244009.0409424882
Arm_B_92,Arm_B,92,0.29294226031534787,3.801260010293191,0.6510041279505525,0.0,2226879.5472848364
Arm_B_93,Arm_B,93,0.3013894724040146,3.8743050611550474,0.6402609618762647,0.0,2633300.97116048
Arm_B_94,Arm_B,94,0.2858385970760834,3.808600097244842,0.6670087787866085,0.0,2425492.7255112813
Arm_B_95,Arm_B,95,0.2935091764642399,3.8553704679249963,0.6567553484595392,0.0,2685741.6233497798
Arm_B_96,Arm_B,96,0.30626403034357125,3.7721648723994856,0.6622876461757227,0.0,1979853.1663835875
Arm_B_97,Arm_B,97,0.294476014312614,3.7138388605984636,0.6474546351995784,0.0,2361864.270538554
Arm_B_98,Arm_B,98,0.2986787205543195,3.8256038895854165,0.649466270290573,0.0,2267060.8075842094
Arm_B_99,Arm_B,99,0.2875120373759616,3.8886864300700874,0.6625860582125845,0.0,2718472.3415281223
Arm_B_100,Arm_B,100,0.3058099517518144,3.8334377510831397,0.6547947816127071,0.0,2559485.1664108695
Arm_B_101,Arm_B,101,0.31063867070078993,3.779237641950479,0.6589376058879736,0.0,2343223.5201836694
Arm_B_102,Arm_B,102,0.3059915068373775,3.7645554403458097,0.6486284513834232,0.0,1919180.4310664586
Arm_B_103,Arm_B,103,0.303385031303543,3.807851512180067,0.6686880995302177,0.0,2550516.761507843
Arm_B_104,Arm_B,104,0.29867771893888134,3.7621128248822893,0.6678373240784671,0.0,2214162.403550818
Arm_B_105,Arm_B,105,0.305901054028013,3.8470128457012605,0.6451733689348763,0.0,2382023.4118448286
Arm_B_106,Arm_B,106,0.3066416166209574,3.747263037972884,0.6617307028648424,0.0,2385241.3485397035
Arm_B_107,Arm_B,107,0.30108042693544884,3.7826838109898233,0.6570289699950973,0.0,2713622.934329002
Arm_B_108,Arm_B,108,0.2989439839485261,3.8772359232917775,0.6661950015528847,0.0,2148943.908715962
Arm_B_109,Arm_B,109,0.29768190636693553,3.7369569555080098,0.6486302458729594,0.0,2078351.4946607086
Arm_B_110,Arm_B,110,0.3084069345806128,3.8520300804431877,0.6620671250110967,0.0,2540039.819101289
Arm_B_111,Arm_B,111,0.3115706613476355,3.7711244816493976,0.6639468856586574,0.0,2404853.2630122374
Arm_B_112,Arm_B,112,0.301747290849179,3.81700061034567,0.6489719801400184,0.0,2131448.5627400647
Arm_B_113,Arm_B,113,0.307773065361495,3.8323216878283906,0.6583457696408104,0.0,2115312.95802492
Arm_B_114,Arm_B,114,0.31141681813932287,3.7416375790190406,0.6517354273314935,0.0,2416984.346382639
Arm_B_115,Arm_B,115,0.3017298838853386,3.8092188407426657,0.6579995273090781,0.0,2754534.4542228696
Arm_B_116,Arm_B,116,0.29211836743327396,3.904549645889372,0.6571315267795123,0.0,2683158.858282457
Arm_B_117,Arm_B,117,0.29704293993657355,3.822506440391585,0.6639084903115798,0.0,2313873.4576429394
Arm_B_118,Arm_B,118,0.29779416735783204,3.761416208184155,0.6683312948736644,0.0,2492928.6939936066
Arm_B_119,Arm_B,119,0.28919703476113406,3.852965807309122,0.6688504253177776,0.0,2557702.4394343873
Arm_B_120,Arm_B,120,0.2905704233824763,3.8142111056550343,0.6557892869517801,0.0,2847740.035126223
Arm_B_121,Arm_B,121,0.29140946353492786,3.8285066568674293,0.6649108006470202,0.0,2848242.404604311
Arm_B_122,Arm_B,122,0.2986434592591925,3.7721669030423084,0.675998442894724,0.0,2172529.137533467
Arm_B_123,Arm_B,123,0.3031231113849264,3.841942857185356,0.670543483191922,0.0,2416859.027159187
Arm_B_124,Arm_B,124,0.29929575327432295,3.789149217426973,0.6736073717999045,0.0,2077802.959072752
Arm_C_0,Arm_C,0,0.24018987655543372,2.8192986068649284,0.9168955720989003,6.84103870302795,2951445542.8141255
Arm_C_1,Arm_C,1,0.24722627637386368,2.9273431905977416,0.9077974333912898,7.2155805862945,2894166633.3540473
Arm_C_2,Arm_C,2,0.24185878848970216,2.840866522766281,0.9131436713836846,7.797195875226437,2859432700.139156
Arm_C_3,Arm_C,3,0.22725469034778545,2.847659409950648,0.9211316145764697,7.281905752765721,3168609270.828655
Arm_C_4,Arm_C,4,0.24198478378721175,2.848656200796768,0.8988201228250274,7.45044122050053,2924469065.2491426
Arm_C_5,Arm_C,5,0.23746505000876664,2.8168767329729536,0.9116027400391541,7.6415551529840995,3042220154.0799136
Arm_C_6,Arm_C,6,0.23697351506809272,2.753124034681932,0.9125287500970458,7.0523598965587,2858657204.9158683
Arm_C_7,Arm_C,7,0.24196607589819497,2.8189849641267197,0.9125205166460365,7.416536906663599,2919642440.719508
Arm_C_8,Arm_C,8,0.2433634937711559,2.883588168491093,0.9033608721925243,7.529525717452985,3120673335.2578464
Arm_C_9,Arm_C,9,0.24593814482245024,2.8288586188183316,0.9040117584304861,7.358458149035307,3249870846.345932
Arm_C_10,Arm_C,10,0.22742489907630994,2.8300068632808424,0.9167280471246512,8.171089743709777,3127789148.6212893
Arm_C_11,Arm_C,11,0.23409008681146973,2.907412820694193,0.9219383128649384,7.678715235105476,3107099331.374745
Arm_C_12,Arm_C,12,0.23382080011607304,2.9546432561129614,0.9083060704000684,7.428402006107519,2994543897.0617266
Arm_C_13,Arm_C,13,0.23611712539537413,2.8725243293099743,0.8993302501223076,8.106790315496243,3109310400.9200644
Arm_C_14,Arm_C,14,0.2434721329682564,2.8476352517200283,0.922931423658575,7.881235086287423,3348336000.410442
Arm_C_15,Arm_C,15,0.2441817086637481,2.9068281755551775,0.9205080555403712,7.333809660428339,2681641172.0620914
Arm_C_16,Arm_C,16,0.23713684410227623,2.8849095552656965,0.9107592477649159,7.772104110738655,2897851275.0450187
Arm_C_17,Arm_C,17,0.23385822080282392,2.9183124000702234,0.9204878137023573,7.8263834828670324,3144923908.5153246
Arm_C_18,Arm_C,18,0.2326082821941207,2.8401379889290284,0.9068223534464106,7.262621761547221,2894913217.372889
Arm_C_19,Arm_C,19,0.2367546866500225,2.88639035976243,0.902883441024424,7.215553598427213,3098289002.396987
Arm_C_20,Arm_C,20,0.24217215351759025,2.860911536749351,0.9108762646723718,7.18502018612206,3223909704.117541
Arm_C_21,Arm_C,21,0.2370620240168789,2.9335499367358215,0.9065646749034934,7.5775197899429765,3197529521.5310135
Arm_C_22,Arm_C,22,0.23440842679423007,2.8902389711339387,0.9067001499835186,7.837717702333778,3234382136.6110682
Arm_C_23,Arm_C,23,0.24741175295902879,2.9587935829418273,0.8971922550104837,6.896076839149814,3135848089.4525027
Arm_C_24,Arm_C,24,0.23596801549618557,2.8710660762766254,0.9100545572723711,6.963158327911343,3111493238.928578
Arm_C_25,Arm_C,25,0.23560782400114252,2.88287244810196,0.9079435829547337,7.557825485911498,3253292452.5072265
Arm_C_26,Arm_C,26,0.24117574543864315,2.8994167346118553,0.9002799339024061,7.117391616706242,3094100078.0958858
Arm_C_27,Arm_C,27,0.24101733292204622,2.896355570492419,0.8961726870743592,7.999282563343384,3223680581.353563
Arm_C_28,Arm_C,28,0.23660315408849697,2.9908529756966518,0.9199303040392196,7.840977238611115,3142715349.176473
Arm_C_29,Arm_C,29,0.2446674541363695,2.8694042695205852,0.9250780872114277,8.153343661664389,3044316761.5522647
Arm_C_30,Arm_C,30,0.2404335562697013,2.867643273309056,0.9168575499151193,7.583332742944691,2973107321.098262
Arm_C_31,Arm_C,31,0.2438793927474255,2.8685189583817636,0.919900921096919,7.458068741615176,3070005486.0553665
Arm_C_32,Arm_C,32,0.25022977560057663,2.925540495191348,0.9119269067159526,8.065966695160345,2923682183.2425704
Arm_C_33,Arm_C,33,0.24270635544267133,2.838996305761984,0.9204173907430191,7.78130558276466,3275421233.99874
Arm_C_34,Arm_C,34,0.23907578583498376,3.0153524044767273,0.90834146461352,6.839736012125322,3033187037.9422555
Arm_C_35,Arm_C,35,0.238109881283423,2.887516638616684,0.9030970447470271,8.370151759468564,3152833582.8000913
Arm_C_36,Arm_C,36,0.23401634446674277,2.8511097991030634,0.9209953412293881,8.188115735471815,3187267258.1029468
Arm_C_37,Arm_C,37,0.23664571894479788,2.900917914733212,0.9167110676427656,7.493008168167185,3008490582.133422
Arm_C_38,Arm_C,38,0.2440573377791131,2.9401096966581197,0.9164288761234264,6.927623003371866,3457838420.8992033
Arm_C_39,Arm_C,39,0.24341668279816467,2.9652217510322596,0.9059717605687483,7.628544200863216,2928734710.754422
Arm_C_40,Arm_C,40,0.23993634602792113,2.9750953280913843,0.9131403454968405,8.22148002293857,3050279067.54538
Arm_C_41,Arm_C,41,0.2366336166200885,2.886887674932229,0.901797598517596,8.081781050121913,2810061971.593468
Arm_C_42,Arm_C,42,0.2395277448309701,2.892189360638441,0.9086357174559538,7.636862779507797,3037085075.382199
Arm_C_43,Arm_C,43,0.24039500995041915,2.863065661138897,0.9132704089085165,7.925752160660052,3116420625.39785
Arm_C_44,Arm_C,44,0.23771107338120165,2.8801461673761186,0.896325788795887,7.467325368079227,3122874920.882713
Arm_C_45,Arm_C,45,0.2347750787609029,2.901719095839591,0.9064764116227602,7.033632157438381,3203430834.8430505
Arm_C_46,Arm_C,46,0.2404884115561987,2.8702750667898558,0.9162812459761123,7.8867893597259116,3168207274.220264
Arm_C_47,Arm_C,47,0.2320205089974889,2.8846347905926906,0.9178868415686726,7.838425976900972,3109845180.744288
Arm_C_48,Arm_C,48,0.24230712729602089,2.8571705178462543,0.9071592961156751,7.766479676850233,3004448918.4194183
Arm_C_49,Arm_C,49,0.23610586061187364,2.988085891657381,0.8976088157888046,7.408144367165527,2873607413.572307
Arm_C_50,Arm_C,50,0.24074571853006368,2.9614711552463056,0.9168326442990585,8.435947040630934,3144683041.8913474
Arm_C_51,Arm_C,51,0.24680057038538467,2.9106093163076308,0.9211902916622641,7.301729523808364,2981076042.8786497
Arm_C_52,Arm_C,52,0.23803202635484885,2.964037527743463,0.906957732716162,8.08475835051768,3266515910.3623075
Arm_C_53,Arm_C,53,0.24147230339070644,2.878818851191555,0.9033869359248684,7.7237073017079405,2932934028.9626875
Arm_C_54,Arm_C,54,0.2408775369262099,2.887191910501034,0.905064148850901,7.8118703450588045,2975473780.9166403
Arm_C_55,Arm_C,55,0.24507887074127738,2.9623705939951708,0.9064494666434454,7.838376581793513,3021370566.402949
Arm_C_56,Arm_C,56,0.24749236554107568,2.9422663222596626,0.8921686021042368,7.598986257280253,3078743428.084493
Arm_C_57,Arm_C,57,0.2408518704288317,2.896935497243921,0.9110500086661985,7.521862820497339,2979872415.179705
Arm_C_58,Arm_C,58,0.2496593337200946,2.8970942376299407,0.9103389526359026,7.5971477381777435,2854429723.0242453
Arm_C_59,Arm_C,59,0.23608257290732554,2.810634588600716,0.9042931910714372,8.128800096591105,3215229373.1095777
Arm_C_60,Arm_C,60,0.23930652987168302,2.92449005465464,0.9319382771694013,7.20981289543255,3360514297.0285063
Arm_C_61,Arm_C,61,0.23946584603527502,2.8854419030568814,0.9092149818226952,6.960133520342212,3351389182.7232428
Arm_C_62,Arm_C,62,0.24507220335327387,2.8764247053708267,0.9080804985730799,6.601969607117374,3102010005.411653
Arm_C_63,Arm_C,63,0.2388637452300046,2.937675407020316,0.9030089418259343,7.258758097428952,3084123514.32962
Arm_C_64,Arm_C,64,0.24071333153829483,2.9513963010924127,0.9033752635114374,7.658934743099464,3002708665.0112586
Arm_C_65,Arm_C,65,0.2371525042268576,2.8621601743888405,0.9066581722850826,7.052297154285249,3032294923.9217577
Arm_C_66,Arm_C,66,0.23571260723086715,2.843236860889554,0.8988480065663074,7.283177097631499,3124776822.733799
Arm_C_67,Arm_C,67,0.24202109745579686,2.9013076498062307,0.9191422854017774,6.660948866879667,3112247537.5542254
Arm_C_68,Arm_C,68,0.23995668174717116,2.9393126370017226,0.921136817610539,7.617660260526973,3053667589.371196
Arm_C_69,Arm_C,69,0.24007690475753302,2.9304054736826655,0.9084861314411281,7.028272329174832,2820059785.6988072
Arm_C_70,Arm_C,70,0.24477512792172354,2.8771865740076508,0.9066417725067083,7.456430174542946,2953151028.1183233
Arm_C_71,Arm_C,71,0.24091374007534533,2.944655173658067,0.9107052961056521,7.9448313122008605,2923036624.3547416
Arm_C_72,Arm_C,72,0.24208903339152962,2.904535602864939,0.909397654548169,6.758029042163059,3025190776.4679413
Arm_C_73,Arm_C,73,0.2464641298107729,2.9930977562818804,0.9161364568147785,7.577330035963442,3008489334.2624674
Arm_C_74,Arm_C,74,0.23960887148300342,2.9932454122895935,0.9202209948015441,7.0986247021468785,2960544052.5536795
Arm_C_75,Arm_C,75,0.2524602588491643,2.8761384009887077,0.9082844435244503,7.282363226060967,3264196768.834677
Arm_C_76,Arm_C,76,0.2504957931659515,2.9535344689138396,0.9091776992435104,7.648369966216255,2997107820.6816516
Arm_C_77,Arm_C,77,0.24430807247639155,2.8630587584192475,0.9149625668005845,7.4959321272509,3177320148.3732643
Arm_C_78,Arm_C,78,0.24117207236796992,2.8047929649615075,0.9131589576271298,7.213790939415918,2961986131.669795
Arm_C_79,Arm_C,79,0.23770888385086333,2.8677794828378707,0.9043802443921105,7.4645584175724,2908273796.304352
Arm_C_80,Arm_C,80,0.2404589470150346,2.845435197357643,0.9103183411237011,7.4210881077722926,3254398409.433229
Arm_C_81,Arm_C,81,0.24254152394306686,2.8253711834714594,0.9086612082822929,6.3885781982695935,3077803045.2797875
Arm_C_82,Arm_C,82,0.23755883345388482,2.9421100480393796,0.9077660119953587,7.339077446979951,3097600929.6143575
Arm_C_83,Arm_C,83,0.23195037737289173,2.856026555243564,0.9069847830085678,7.684938973133533,3277081842.039798
Arm_C_84,Arm_C,84,0.24066207325174063,2.9683068381184063,0.8933887380901101,8.042841063061166,3032290415.6688013
Arm_C_85,Arm_C,85,0.2450430996364877,2.901333028901408,0.9159946749417065,7.509242163350827,3096485729.389515
Arm_C_86,Arm_C,86,0.2388099783761163,2.8478370875016696,0.9297912037854242,6.613671018380934,3080048412.300261
Arm_C_87,Arm_C,87,0.2333593728556638,2.998908868913677,0.9143167355806334,7.470667395887587,2888018367.8615723
Arm_C_88,Arm_C,88,0.23624750221629656,2.9374386347679704,0.8901969065744284,7.878994332033171,3197754221.238172
Arm_C_89,Arm_C,89,0.23342023092849626,2.906589206065521,0.9090165141552181,7.447621711395085,2945690614.8291802
Arm_C_90,Arm_C,90,0.2389291356664319,2.8560212581691435,0.8986975179556035,7.39014685748383,2820307475.540068
Arm_C_91,Arm_C,91,0.23821660014783724,2.7807281241764605,0.9211606216524755,7.771894012721993,3196531170.375806
Arm_C_92,Arm_C,92,0.24619882853590067,3.0075872640066206,0.9028213097617179,6.9474572470224105,3036689968.438641
Arm_C_93,Arm_C,93,0.24158713267665186,2.9313558683389624,0.912852954048423,8.152335894573016,3070616113.635381
Arm_C_94,Arm_C,94,0.24172436081618312,2.908028515382194,0.9123477147965763,6.881032652423078,2836287757.501716
Arm_C_95,Arm_C,95,0.2378356828664622,2.8349092400670997,0.9071776519835835,7.833593513529251,3076477001.4166994
Arm_C_96,Arm_C,96,0.25406658974960317,2.916464954487315,0.9074009499296765,7.666104246444577,2933314485.7321153
Arm_C_97,Arm_C,97,0.23945203898383996,2.9496797824998358,0.9192225336355352,7.396112594069737,2894784056.7360926
Arm_C_98,Arm_C,98,0.24280995171540212,2.870779096179028,0.9018225658379817,7.4257635110718505,2798680955.1925483
Arm_C_99,Arm_C,99,0.23005483503650195,2.856017169780791,0.911729347546671,7.34558981834421,2836285504.805269
Arm_C_100,Arm_C,100,0.23895966218573855,2.873989357921637,0.9152511918023066,7.579180249008182,2997607380.5484133
Arm_C_101,Arm_C,101,0.23581890746606504,2.8773408820497406,0.9233772597208032,8.142751626244376,3051501180.2915845
Arm_C_102,Arm_C,102,0.23927853544998887,2.9035329270727246,0.9001226152809731,7.4742457850877155,2882518594.9416237
Arm_C_103,Arm_C,103,0.2398719068146669,2.8600990416694114,0.9058136048073818,7.214959812949033,3241481071.414553
Arm_C_104,Arm_C,104,0.23659390497726082,2.8912498695749447,0.9164942928928195,7.410415602584938,3005510465.30055
Arm_C_105,Arm_C,105,0.24282290000912843,2.9219924718348773,0.906127387646582,7.807927754413554,2991223143.458486
Arm_C_106,Arm_C,106,0.2363136514688932,2.9170095029936105,0.9112219073044906,7.759922632785373,3165137488.3686934
Arm_C_107,Arm_C,107,0.2417598234958201,2.9294759086566033,0.9151206186000704,7.217358871827732,2949657462.302785
Arm_C_108,Arm_C,108,0.23614001386731268,2.8821522673329953,0.9200415844035608,6.585464116602339,3057500924.201684
Arm_C_109,Arm_C,109,0.23722231929260634,2.885879946230317,0.9023152701575923,7.316038640171846,3237511022.574996
Arm_C_110,Arm_C,110,0.23458594193873936,2.7976244512031063,0.9090207621336075,7.175931008640736,3177800149.7159915
Arm_C_111,Arm_C,111,0.24250087754530283,2.853674386840326,0.8979756785862668,6.9536053414790615,2951089904.0227957
Arm_C_112,Arm_C,112,0.24604541129023477,2.8924267766561442,0.9156282613991437,7.322245967376053,2979413644.5234456
Arm_C_113,Arm_C,113,0.24260243003310736,2.898369021213169,0.9034403487678515,8.074976484364013,3002550869.375109
Arm_C_114,Arm_C,114,0.23997109097453376,2.8308361099902775,0.9285319614133873,6.911819952859102,3203559197.8961024
Arm_C_115,Arm_C,115,0.23957587972826325,2.845907147533186,0.9197153174621546,6.907657473178908,3300800995.8755145
Arm_C_116,Arm_C,116,0.23902564295215217,2.8063848431906946,0.9004502453091866,8.244460768644494,3206149133.2612615
Arm_C_117,Arm_C,117,0.24402841141569934,2.856634758194962,0.913060068815262,7.221365846750279,3125235912.35296
Arm_C_118,Arm_C,118,0.2353879902270005,2.9193739229653137,0.9067242650294827,8.022071708660437,3289860457.9449234
Arm_C_119,Arm_C,119,0.24317401900066016,2.9143787720518466,0.9212390383792081,7.252063002624072,2929870665.419777
Arm_C_120,Arm_C,120,0.2379668520170282,2.9732183421793574,0.9123563115554204,7.715137521332159,2994389349.9644775
Arm_C_121,Arm_C,121,0.2458312465765462,2.869506364493913,0.9296643787107444,6.903781256691823,2984429225.020992
Arm_C_122,Arm_C,122,0.24251952595556983,2.9801368269257162,0.897504379005598,7.371860375507735,2983284221.137824
Arm_C_123,Arm_C,123,0.24471893348688997,2.9154407050953326,0.9119486424442591,7.24697615310287,3032278630.6823416
Arm_C_124,Arm_C,124,0.2416275408146243,2.8254307018399056,0.9237859971765421,7.6419607765042175,2909485520.9926944
Arm_D_0,Arm_D,0,0.13997362685555106,1.9048790330261567,1.1169754041393527,0.0,2092716.3504714128
Arm_D_1,Arm_D,1,0.14349627875444307,1.8976287411736106,1.142821249546637,0.0,1981755.5302670992
Arm_D_2,Arm_D,2,0.13408518298254135,1.9609964204510957,1.1288055124689143,0.0,2096269.769073211
Arm_D_3,Arm_D,3,0.1393447460739621,1.846280061177272,1.1299294526142487,0.0,2015658.2006406717
Arm_D_4,Arm_D,4,0.13628628529760947,1.8952841565345326,1.1212545391902768,0.0,2329977.59581967
Arm_D_5,Arm_D,5,0.1403573962118069,1.90799511776604,1.1460400039100986,0.0,2218401.771156008
Arm_D_6,Arm_D,6,0.13682943344458073,1.9313033229719507,1.1204264623937885,0.0,1955046.8275720177
Arm_D_7,Arm_D,7,0.14139655810391186,1.9103641064647134,1.1319089381295306,0.0,2076226.402414199
Arm_D_8,Arm_D,8,0.14141588641607356,1.9393582262764075,1.1369614531779222,0.0,1967087.1721115063
Arm_D_9,Arm_D,9,0.141198430000941,1.9615458273120603,1.1161668650460455,0.0,2292003.8815819263
Arm_D_10,Arm_D,10,0.1470779647560748,1.8714030549663192,1.1255352296732,0.0,2120339.8575344146
Arm_D_11,Arm_D,11,0.1315853331074041,1.888324907800808,1.120421557660546,0.0,2175108.2301669843
Arm_D_12,Arm_D,12,0.14436453319718234,1.9239063463204578,1.1292002820009448,0.0,2520832.4639332066
Arm_D_13,Arm_D,13,0.13654547005326154,1.9095177837917743,1.125526401631347,0.0,2110381.8222753354
Arm_D_14,Arm_D,14,0.14161196218045735,1.975593394939435,1.105121337612944,0.0,2048888.5205421222
Arm_D_15,Arm_D,15,0.13940781185355416,1.8676299370647274,1.123122204447491,0.0,2195090.0732229864
Arm_D_16,Arm_D,16,0.14237178200368,1.9236652304343436,1.1135184842673225,0.0,1991268.1132827722
Arm_D_17,Arm_D,17,0.13984801268098587,1.92352581131882,1.1255904812953672,0.0,2708974.4398459005
Arm_D_18,Arm_D,18,0.14339764488860093,1.8617498915608592,1.1206147108349043,0.0,2336560.125727557
Arm_D_19,Arm_D,19,0.1333073886242479,1.8829215137891355,1.1283528491301922,0.0,2200071.1544130514
Arm_D_20,Arm_D,20,0.13708660548959992,1.8877539886348973,1.1264450134812962,0.0,2216321.4228036003
Arm_D_21,Arm_D,21,0.13498074287191814,1.9138977609356222,1.1273031736319132,0.0,2267444.3514939705
Arm_D_22,Arm_D,22,0.1428725249307057,1.809037925013971,1.116818339888784,0.0,2078297.591186938
Arm_D_23,Arm_D,23,0.1321556442467792,1.8928634101933188,1.112353216396116,0.0,2457598.0763644823
Arm_D_24,Arm_D,24,0.1417132664595701,1.915657350625608,1.1191318088136428,0.0,2191147.395575402
Arm_D_25,Arm_D,25,0.141448471492063,1.9638117827048838,1.1030516625405231,0.0,1675857.9957946632
Arm_D_26,Arm_D,26,0.13755189896867406,1.8378678962778194,1.1139548433378106,0.0,2136131.8451623837
Arm_D_27,Arm_D,27,0.14213174523808877,1.8954559180209911,1.1267266562066467,0.0,2382258.8851485765
Arm_D_28,Arm_D,28,0.1315172729680319,1.90991062402345,1.1359181709555413,0.0,2221586.600004921
Arm_D_29,Arm_D,29,0.1389115089446394,1.9164546568059933,1.1150379976905904,0.0,2238600.468131173
Arm_D_30,Arm_D,30,0.1295381628897436,1.8954182244886102,1.1063042612884644,0.0,2372037.825687843
Arm_D_31,Arm_D,31,0.14042341067935973,1.8879748206419895,1.1220621408445945,0.0,1931175.9802037615
Arm_D_32,Arm_D,32,0.13687549911676133,1.870389739522264,1.1316651950977767,0.0,2524196.5903739235
Arm_D_33,Arm_D,33,0.13462818086948286,1.8934956815794866,1.1267958290107838,0.0,1999616.2863543336
Arm_D_34,Arm_D,34,0.13439678582588366,1.9259107119289387,1.1105371933524193,0.0,2005705.9474270532
Arm_D_35,Arm_D,35,0.14237289718202975,1.869224762432361,1.119937516527975,0.0,2739795.59743674
Arm_D_36,Arm_D,36,0.14473102958782522,1.8972409992808406,1.1382546977622565,0.0,2454064.3422153825
Arm_D_37,Arm_D,37,0.13897764143452335,1.8800530413305285,1.1160705333200716,0.0,2605752.3385087964
Arm_D_38,Arm_D,38,0.14391771562229994,1.9447478272804612,1.1217175893068982,0.0,2536549.3703604257
Arm_D_39,Arm_D,39,0.13175822674547816,1.9252334501102142,1.134230137397056,0.0,1956789.0170384485
Arm_D_40,Arm_D,40,0.13842900478274758,1.9218384049007555,1.1323795734129884,0.0,2254577.020824701
Arm_D_41,Arm_D,41,0.13988021906292195,1.9276885317232053,1.122213133761812,0.0,2513741.2929579644
Arm_D_42,Arm_D,42,0.13467791200776663,1.9234201368817525,1.1281632547840004,0.0,2154294.411972189
Arm_D_43,Arm_D,43,0.1366746266489899,1.9713173860783955,1.1118676081650216,0.0,2312260.137091998
Arm_D_44,Arm_D,44,0.13922761465917047,1.860871578341108,1.106880805251587,0.0,2378475.9197705165
Arm_D_45,Arm_D,45,0.13606585035930083,1.8564121363983614,1.1199395179117082,0.0,2153261.2454998274
Arm_D_46,Arm_D,46,0.1388264301260246,1.836247196320567,1.1322103685167744,0.0,3044528.7809315687
Arm_D_47,Arm_D,47,0.1361495597636652,1.8774482081036161,1.1078543198051554,0.0,2308540.843562809
Arm_D_48,Arm_D,48,0.13564816907347682,1.864643932163394,1.1117158962383134,0.0,2526599.3647723454
Arm_D_49,Arm_D,49,0.1355761303078948,1.8687473362826563,1.119755960469621,0.0,2642494.832766055
Arm_D_50,Arm_D,50,0.14215939989427284,1.9265610163021485,1.1249388366906425,0.0,2465147.3810421596
Arm_D_51,Arm_D,51,0.1462036840908864,1.8776859838247077,1.1285713988655484,0.0,2406747.139937599
Arm_D_52,Arm_D,52,0.13652219139694205,1.935577845501435,1.1210473506844967,0.0,2201030.374733498
Arm_D_53,Arm_D,53,0.13970777050063377,1.9254435617688126,1.1158816606155577,0.0,2352470.459258836
Arm_D_54,Arm_D,54,0.13412675914328204,1.8735993559833581,1.104891820975037,0.0,2703903.877363437
Arm_D_55,Arm_D,55,0.1420856959489385,1.844490715528129,1.1123334460617649,0.0,2607160.7516352786
Arm_D_56,Arm_D,56,0.14668562941802912,1.891953634777767,1.119073552708129,0.0,1946950.46129595
Arm_D_57,Arm_D,57,0.1407299885807078,1.9218044776630046,1.1304512839083396,0.0,2052654.6716578607
Arm_D_58,Arm_D,58,0.1331936292730867,1.9005915637330772,1.114707043656448,0.0,2426282.96415321
Arm_D_59,Arm_D,59,0.14688512714455856,1.9342706702515593,1.12221565895934,0.0,2416465.4139469415
Arm_D_60,Arm_D,60,0.14076078958668722,1.8699114824283285,1.1308420874802234,0.0,2773775.8731352612
Arm_D_61,Arm_D,61,0.14263739734396078,1.8293320944336926,1.1109283782884591,0.0,2376061.306800107
Arm_D_62,Arm_D,62,0.1412457199506712,1.9003485500882502,1.1307348606069418,0.0,2360623.0849462026
Arm_D_63,Arm_D,63,0.1388411972966883,1.9155925827694418,1.1144680291273332,0.0,2838320.4783145823
Arm_D_64,Arm_D,64,0.1409925151472812,1.87633483273794,1.1168915506871715,0.0,1991811.2872613375
Arm_D_65,Arm_D,65,0.134269181527581,1.9254292001670719,1.1123956293120296,0.0,2626881.77688009
Arm_D_66,Arm_D,66,0.1390888986870473,1.9121719665542662,1.1372044420464478,0.0,2627167.316134528
Arm_D_67,Arm_D,67,0.1445373777040489,1.983769458695423,1.1212732396442922,0.0,2757310.77921919
Arm_D_68,Arm_D,68,0.140477500734069,1.853795335604248,1.117980962920093,0.0,2493290.8165315455
Arm_D_69,Arm_D,69,0.12987062041977832,1.8730597132870468,1.119930057319721,0.0,2545843.6742714522
Arm_D_70,Arm_D,70,0.14345201456813103,1.8544007254278798,1.1028798513598654,0.0,2715095.0131870536
Arm_D_71,Arm_D,71,0.14531528523086137,1.9302914403619411,1.1094778694138756,0.0,2191435.906446121
Arm_D_72,Arm_D,72,0.14563011918327887,1.9333012802199296,1.1111836774884747,0.0,1954518.7877623609
Arm_D_73,Arm_D,73,0.13513082250412597,1.9179175279096126,1.114598351570963,0.0,2137644.3726954483
Arm_D_74,Arm_D,74,0.13401228866501025,1.9077578581872683,1.1056727083896492,0.0,2494072.858623277
Arm_D_75,Arm_D,75,0.13944953353413767,1.8915427171703816,1.1255910659161716,0.0,2204479.990213969
Arm_D_76,Arm_D,76,0.1352976976625922,1.8534453853280197,1.1181621754846185,0.0,1932841.6430924952
Arm_D_77,Arm_D,77,0.13713284197701062,1.9038568238016578,1.1293563978948413,0.0,2402665.3532800796
Arm_D_78,Arm_D,78,0.13968981892351112,1.8808989308052246,1.1276639885018873,0.0,2195089.5619038832
Arm_D_79,Arm_D,79,0.14648946170320867,1.9017040974809933,1.1101496436541172,0.0,2161023.818296511
Arm_D_80,Arm_D,80,0.13597090531387132,1.873358646121735,1.1310688775433726,0.0,2236671.5871895035
Arm_D_81,Arm_D,81,0.13789897405877385,1.8333912610831293,1.129015495992732,0.0,2209134.1220790986
Arm_D_82,Arm_D,82,0.14309714827416872,1.9747223281222277,1.1287963526548621,0.0,2365292.265077907
Arm_D_83,Arm_D,83,0.14370903444107372,1.961360903779114,1.1145354852347311,0.0,2061847.0577929292
Arm_D_84,Arm_D,84,0.13554800477682147,1.875056430664317,1.1241278843102809,0.0,2597358.408552299
Arm_D_85,Arm_D,85,0.13581948283777548,1.9538867163329805,1.1115529936237043,0.0,2635976.8877774845
Arm_D_86,Arm_D,86,0.13505247295601464,1.8799380700222466,1.130660135803723,0.0,2422227.8447167776
Arm_D_87,Arm_D,87,0.1346078725189294,1.8543047827321646,1.1228628428722578,0.0,2503923.068011748
Arm_D_88,Arm_D,88,0.14012465817408737,1.8452021351484003,1.1200216063753354,0.0,2333870.916632897
Arm_D_89,Arm_D,89,0.13541140875376503,1.9000005563730187,1.0973995936929024,0.0,2352218.9181664404
Arm_D_90,Arm_D,90,0.14415255835645896,1.920134332282498,1.1365048539322067,0.0,2144367.2800388723
Arm_D_91,Arm_D,91,0.13754707113338469,1.9852996968232648,1.1179877740801332,0.0,2294466.5068361647
Arm_D_92,Arm_D,92,0.14776574897123915,1.907724948511191,1.0993234657656363,0.0,1930911.6843370537
Arm_D_93,Arm_D,93,0.1397983345755923,1.9050146543047568,1.1193724270628744,0.0,2184635.3180762106
Arm_D_94,Arm_D,94,0.14323275881217087,1.8135831086716176,1.1084706509964097,0.0,2177198.73429996
Arm_D_95,Arm_D,95,0.1433048939601525,1.930158646030883,1.1083881111088052,0.0,2464945.0916966433
Arm_D_96,Arm_D,96,0.14235795365941423,1.9365162154767979,1.1230409188877644,0.0,2426337.9128871844
Arm_D_97,Arm_D,97,0.13784759521598658,1.9141790191228125,1.1054833458618603,0.0,2095186.3726351203
Arm_D_98,Arm_D,98,0.13455674300104134,1.950206504451621,1.1084003162800353,0.0,2293140.4707527063
Arm_D_99,Arm_D,99,0.14095884476677625,1.9384078811274725,1.1126461165799142,0.0,2225839.750445817
Arm_D_100,Arm_D,100,0.13565313537949034,1.9000161377189273,1.1238370687297272,0.0,2249761.6215159846
Arm_D_101,Arm_D,101,0.13754121085188936,1.8487858684460505,1.1301899567358524,0.0,2354480.672481233
Arm_D_102,Arm_D,102,0.13789698879562562,1.8559706169579857,1.1274961172637044,0.0,2681992.479193361
Arm_D_103,Arm_D,103,0.13762350198314252,1.9053677133512184,1.1047110595824567,0.0,2430223.881365518
Arm_D_104,Arm_D,104,0.14135891852352875,1.9166440765240293,1.1327311396975868,0.0,2241890.6746544945
Arm_D_105,Arm_D,105,0.13313491871028868,1.8896125840067792,1.11724671760989,0.0,2351447.6989238397
Arm_D_106,Arm_D,106,0.14628125165747896,1.9257645178667027,1.1229192651428275,0.0,1965657.751858722
Arm_D_107,Arm_D,107,0.13948993143162183,1.8937369792193242,1.1155418540473423,0.0,2619665.6753618224
Arm_D_108,Arm_D,108,0.1350552739986998,1.9179318798687295,1.1220889860321082,0.0,2958331.152705274
Arm_D_109,Arm_D,109,0.1366038774027677,1.9103833537676214,1.1165384906073001,0.0,2725220.3937212834
Arm_D_110,Arm_D,110,0.14225464768377177,1.8895899695755367,1.1162429221087138,0.0,2573640.9084610143
Arm_D_111,Arm_D,111,0.14001387871061105,1.864945858482264,1.1236231765732927,0.0,2881882.807275996
Arm_D_112,Arm_D,112,0.13394502398105296,1.9520056910893266,1.1157182733415982,0.0,2157112.446534155
Arm_D_113,Arm_D,113,0.1411946367217715,1.9156553441403699,1.1147015067769546,0.0,1804927.2120530866
Arm_D_114,Arm_D,114,0.143864363069907,1.925583854196756,1.1001556279743834,0.0,2199444.413891576
Arm_D_115,Arm_D,115,0.1386651929887579,1.927944936748278,1.110324534328894,0.0,2023104.4708815583
Arm_D_116,Arm_D,116,0.13676136699627356,1.969211594785082,1.1218208764476516,0.0,2436000.7269222536
Arm_D_117,Arm_D,117,0.140150922783463,1.8691058152714137,1.1275588825067693,0.0,2188480.3531031627
Arm_D_118,Arm_D,118,0.13821545775195684,1.928605886813507,1.1241896506054225,0.0,2328410.4137527375
Arm_D_119,Arm_D,119,0.1400151187048483,1.8897789264576699,1.108693007791174,0.0,2306600.45703164
Arm_D_120,Arm_D,120,0.13444262705521032,1.9011799886682568,1.1204946760097727,0.0,2269504.67801776
Arm_D_121,Arm_D,121,0.13823542177673412,1.8845992911254388,1.1172987474503195,0.0,2317478.0117951217
Arm_D_122,Arm_D,122,0.13945995897113542,1.9866761002297586,1.1173518351603169,0.0,2018299.2124034145
Arm_D_123,Arm_D,123,0.1430147079917145,1.927259343823986,1.1107425109860825,0.0,2170024.931166331
Arm_D_124,Arm_D,124,0.13740988136046856,1.9089058148117695,1.1323058531542556,0.0,2478998.353933983
